weekending,number_positive
2009-10-10,2160
2009-10-17,2935
2009-10-24,2802
2009-10-31,1984
2009-11-07,1635
2009-11-14,1020
2009-11-21,644
2009-11-28,492
2009-12-05,441
2009-12-12,332
2009-12-19,385
2009-12-26,257
2010-01-02,336
2010-01-09,441
2010-01-16,546
2010-01-23,657
2010-01-30,954
2010-02-06,1240
2010-02-13,1230
2010-02-20,1250
2010-02-27,1066
2010-03-06,812
2010-03-13,674
2010-03-20,546
2010-03-27,307
2010-04-03,211
2010-04-10,140
2010-04-17,76
2010-04-24,65
2010-05-01,35
2010-05-08,36
2010-05-15,6
2010-05-22,7
2010-05-29,8
2010-06-05,3
2010-06-12,18
2010-06-19,12
2010-06-26,6
2010-07-03,6
2010-07-10,3
2010-07-17,1
2010-07-24,3
2010-07-31,3
2010-08-07,3
2010-08-14,3
2010-08-21,1
2010-08-28,3
2010-09-04,1
2010-09-11,3
2010-09-18,3
2010-09-25,6
2010-10-02,5
2010-10-09,8
2010-10-16,26
2010-10-23,15
2010-10-30,53
2010-11-06,73
2010-11-13,115
2010-11-20,164
2010-11-27,185
2010-12-04,264
2010-12-11,560
2010-12-18,805
2010-12-25,1098
2011-01-01,1556
2011-01-08,1985
2011-01-15,1874
2011-01-22,2350
2011-01-29,2832
2011-02-05,2946
2011-02-12,3290
2011-02-19,3304
2011-02-26,2828
2011-03-05,2626
2011-03-12,2299
2011-03-19,1446
2011-03-26,787
2011-04-02,436
2011-04-09,301
2011-04-16,144
2011-04-23,95
2011-04-30,61
2011-05-07,22
2011-05-14,19
2011-05-21,6
2011-05-28,1
2011-06-04,6
2011-06-11,3
2011-06-18,1
2011-06-25,3
2011-07-02,1
2011-07-09,1
2011-07-16,3
2011-07-23,1
2011-07-30,0
2011-08-06,1
2011-08-13,3
2011-08-20,1
2011-08-27,3
2011-09-03,1
2011-09-10,0
2011-09-17,3
2011-09-24,3
2011-10-01,4
2011-10-08,6
2011-10-15,17
2011-10-22,7
2011-10-29,28
2011-11-05,23
2011-11-12,37
2011-11-19,31
2011-11-26,55
2011-12-03,91
2011-12-10,89
2011-12-17,145
2011-12-24,187
2011-12-31,291
2012-01-07,308
2012-01-14,442
2012-01-21,570
2012-01-28,941
2012-02-04,1237
2012-02-11,1351
2012-02-18,1338
2012-02-25,1482
2012-03-03,1382
2012-03-10,1665
2012-03-17,1813
2012-03-24,1603
2012-03-31,1489
2012-04-07,1297
2012-04-14,1005
2012-04-21,767
2012-04-28,455
2012-05-05,303
2012-05-12,121
2012-05-19,104
2012-05-26,25
2012-06-02,19
2012-06-09,6
2012-06-16,25
2012-06-23,6
2012-06-30,18
2012-07-07,2
2012-07-14,3
2012-07-21,1
2012-07-28,0
2012-08-04,3
2012-08-11,3
2012-08-18,1
2012-08-25,1
2012-09-01,3
2012-09-08,1
2012-09-15,6
2012-09-22,2
2012-09-29,7
2012-10-06,10
2012-10-13,8
2012-10-20,26
2012-10-27,41
2012-11-03,38
2012-11-10,84
2012-11-17,99
2012-11-24,141
2012-12-01,296
2012-12-08,409
2012-12-15,671
2012-12-22,1141
2012-12-29,1354
2013-01-05,2013
2013-01-12,2388
2013-01-19,2871
2013-01-26,3672
2013-02-02,3988
2013-02-09,3053
2013-02-16,2213
2013-02-23,1884
2013-03-02,1626
2013-03-09,1281
2013-03-16,967
2013-03-23,562
2013-03-30,252
2013-04-06,217
2013-04-13,96
2013-04-20,68
2013-04-27,33
2013-05-04,28
2013-05-11,7
2013-05-18,1
2013-05-25,1
2013-06-01,1
2013-06-08,0
2013-06-15,1
2013-06-22,0
2013-06-29,1
2013-07-06,3
2013-07-13,1
2013-07-20,1
2013-07-27,1
2013-08-03,0
2013-08-10,0
2013-08-17,0
2013-08-24,1
2013-08-31,0
2013-09-07,0
2013-09-14,1
2013-09-21,1
2013-09-28,0
2013-10-05,228
2013-10-12,324
2013-10-19,256
2013-10-26,192
2013-11-02,219
2013-11-09,284
2013-11-16,301
2013-11-23,213
2013-11-30,295
2013-12-07,346
2013-12-14,492
2013-12-21,881
2013-12-28,1219
2014-01-04,2217
2014-01-11,2781
2014-01-18,3132
2014-01-25,2796
2014-02-01,2354
2014-02-08,1915
2014-02-15,1806
2014-02-22,938
2014-03-01,986
2014-03-08,1074
2014-03-15,862
2014-03-22,790
2014-03-29,700
2014-04-05,496
2014-04-12,495
2014-04-19,394
2014-04-26,362
2014-05-03,251
2014-05-10,368
2014-05-17,284
2014-05-24,365
2014-05-31,269
2014-06-07,211
2014-06-14,324
2014-06-21,384
2014-06-28,199
2014-07-05,135
2014-07-12,116
2014-07-19,109
2014-07-26,121
2014-08-02,82
2014-08-09,204
2014-08-16,127
2014-08-23,133
2014-08-30,165
2014-09-06,246
2014-09-13,261
2014-09-20,308
2014-09-27,197
2014-10-04,209
2014-10-11,502
2014-10-18,291
2014-10-25,390
2014-11-01,405
2014-11-08,363
2014-11-15,516
2014-11-22,438
2014-11-29,482
2014-12-06,640
2014-12-13,862
2014-12-20,1146
2014-12-27,1729
2015-01-03,2267
2015-01-10,3905
2015-01-17,4489
2015-01-24,4540
2015-01-31,4775
2015-02-07,4264
2015-02-14,3039
2015-02-21,2313
2015-02-28,2062
2015-03-07,1328
2015-03-14,1430
2015-03-21,1109
2015-03-28,950
2015-04-04,701
2015-04-11,634
2015-04-18,631
2015-04-25,588
2015-05-02,640
2015-05-09,662
2015-05-16,621
2015-05-23,547
2015-05-30,555
2015-06-06,316
2015-06-13,353
2015-06-20,277
2015-06-27,243
2015-07-04,115
2015-07-11,136
2015-07-18,170
2015-07-25,159
2015-08-01,110
2015-08-08,137
2015-08-15,158
2015-08-22,119
2015-08-29,207
2015-09-05,374
2015-09-12,383
2015-09-19,438
2015-09-26,509
2015-10-03,472
2015-10-10,689
2015-10-17,817
2015-10-24,697
2015-10-31,615
2015-11-07,819
2015-11-14,884
2015-11-21,1101
2015-11-28,926
2015-12-05,1063
2015-12-12,1055
2015-12-19,1174
2015-12-26,1369
2016-01-02,1647
2016-01-09,2394
2016-01-16,2043
2016-01-23,3459
2016-01-30,4209
2016-02-06,4408
2016-02-13,6675
2016-02-20,6549
2016-02-27,6924
2016-03-05,5028
2016-03-12,3999
2016-03-19,4195
2016-03-26,2533
2016-04-02,2107
2016-04-09,2056
2016-04-16,1351
2016-04-23,1221
2016-04-30,1276
2016-05-07,1006
2016-05-14,595
2016-05-21,560
2016-05-28,509
2016-06-04,349
2016-06-11,370
2016-06-18,238
2016-06-25,340
2016-07-02,329
2016-07-09,340
2016-07-16,285
2016-07-23,235
2016-07-30,206
2016-08-06,267
2016-08-13,242
2016-08-20,291
2016-08-27,606
2016-09-03,695
2016-09-10,860
2016-09-17,961
2016-09-24,1054
2016-10-01,1189
2016-10-08,878
2016-10-15,811
2016-10-22,752
2016-10-29,897
2016-11-05,912
2016-11-12,1153
2016-11-19,1443
2016-11-26,1391
2016-12-03,1621
2016-12-10,2440
2016-12-17,3423
2016-12-24,4756
2016-12-31,6591
2017-01-07,11304
2017-01-14,7690
2017-01-21,5010
2017-01-28,7887
2017-02-04,8073
2017-02-11,6203
2017-02-18,5778
2017-02-25,4600
2017-03-04,3721
2017-03-11,3712
2017-03-18,3035
2017-03-25,2272
2017-04-01,2233
2017-04-08,2352
2017-04-15,1655
2017-04-22,1466
2017-04-29,1429
2017-05-06,1177
2017-05-13,1239
2017-05-20,1408
2017-05-27,760
2017-06-03,709
2017-06-10,837
2017-06-17,795
2017-06-24,541
2017-07-01,471
2017-07-08,247
2017-07-15,382
2017-07-22,312
2017-07-29,313
2017-08-05,212
2017-08-12,306
2017-08-19,217
2017-08-26,410
2017-09-02,632
2017-09-09,665
2017-09-16,1132
2017-09-23,1219
2017-09-30,1472
2017-10-07,1472
2017-10-14,1357
2017-10-21,1347
2017-10-28,1277
2017-11-04,1276
2017-11-11,1476
2017-11-18,1524
2017-11-25,1894
2017-12-02,1913
2017-12-09,2431
2017-12-16,4894
2017-12-23,7508
2017-12-30,11636
2018-01-06,13261
2018-01-13,10393
2018-01-20,6638
2018-01-27,7963
2018-02-03,8328
2018-02-10,8488
2018-02-17,7449
2018-02-24,5677
2018-03-03,6846
2018-03-10,4451
2018-03-17,6376
2018-03-24,4598
2018-03-31,3680
2018-04-07,1785
2018-04-14,1963
2018-04-21,1310
2018-04-28,1253
2018-05-05,1566
2018-05-12,1166
2018-05-19,628
2018-05-26,550
2018-06-02,723
2018-06-09,576
2018-06-16,384
2018-06-23,425
2018-06-30,326
2018-07-07,181
2018-07-14,183
2018-07-21,196
2018-07-28,161
2018-08-04,129
2018-08-11,193
2018-08-18,294
2018-08-25,287
2018-09-01,381
2018-09-08,418
2018-09-15,547
2018-09-22,758
2018-09-29,1282
2018-10-06,723
2018-10-13,641
2018-10-20,650
2018-10-27,725
2018-11-03,838
2018-11-10,983
2018-11-17,958
2018-11-24,1113
2018-12-01,1136
2018-12-08,1914
2018-12-15,2541
2018-12-22,3184
2018-12-29,3016
2019-01-05,3180
2019-01-12,3573
2019-01-19,3709
2019-01-26,3462
2019-02-02,4431
2019-02-09,4178
2019-02-16,4644
2019-02-23,4922
2019-03-02,5801
2019-03-09,5601
2019-03-16,5333
2019-03-23,5365
2019-03-30,4137
2019-04-06,3284
2019-04-13,2180
2019-04-20,1944
2019-04-27,1473
2019-05-04,1254
2019-05-11,1243
2019-05-18,1262
2019-05-25,1321
2019-06-01,1193
2019-06-08,1069
2019-06-15,859
2019-06-22,712
2019-06-29,526
2019-07-06,275
2019-07-13,256
2019-07-20,197
2019-07-27,206
2019-08-03,201
2019-08-10,243
2019-08-17,246
2019-08-24,257
2019-08-31,499
2019-09-07,482
2019-09-14,535
2019-09-21,675
2019-09-28,690
2019-10-05,1155
2019-10-12,1262
2019-10-19,1157
2019-10-26,1158
2019-11-02,1063
2019-11-09,1574
2019-11-16,1781
2019-11-23,1888
2019-11-30,1957
2019-12-07,2476
2019-12-14,3228
2019-12-21,4411
2019-12-28,4168
2020-01-04,5027
2020-01-11,5102
2020-01-18,6291
2020-01-25,6562
2020-02-01,6854
2020-02-08,6152
2020-02-15,6264
2020-02-22,5261
2020-02-29,5041
2020-03-07,4496
2020-03-14,3529
2020-03-21,1920
2020-03-28,716
2020-04-04,317
2020-04-11,228
2020-04-18,101
2020-04-25,107
2020-05-02,58
2020-05-09,37
2020-05-16,52
2020-05-23,30
2020-05-30,21
2020-06-06,22
2020-06-13,23
2020-06-20,10
2020-06-27,16
2020-07-04,14
2020-07-11,24
2020-07-18,29
2020-07-25,20
2020-08-01,30
2020-08-08,14
2020-08-15,21
2020-08-22,28
2020-08-29,40
2020-09-05,47
2020-09-12,51
2020-09-19,82
2020-09-26,99
2001-10-06,50
2001-10-13,73
2001-10-20,160
2001-10-27,158
2001-11-03,210
2001-11-10,130
2001-11-17,706
2001-11-24,408
2001-12-01,458
2001-12-08,214
2001-12-15,162
2001-12-22,154
2001-12-29,184
2002-01-05,202
2002-01-12,213
2002-01-19,208
2002-01-26,254
2002-02-02,340
2002-02-09,316
2002-02-16,328
2002-02-23,270
2002-03-02,300
2002-03-09,320
2002-03-16,234
2002-03-23,188
2002-03-30,188
2002-04-06,93
2002-04-13,50
2002-04-20,26
2002-04-27,27
2002-05-04,70
2002-05-11,38
2002-05-18,43
2002-05-25,26
2002-06-01,8
2002-06-08,18
2002-06-15,20
2002-06-22,30
2002-06-29,40
2002-07-06,16
2002-07-13,12
2002-07-20,8
2002-07-27,18
2002-08-03,20
2002-08-10,14
2002-08-17,26
2002-08-24,28
2002-08-31,1
2002-09-07,6
2002-09-14,6
2002-09-21,16
2002-09-28,14
2002-10-05,72
2002-10-12,98
2002-10-19,86
2002-10-26,182
2002-11-02,166
2002-11-09,220
2002-11-16,222
2002-11-23,208
2002-11-30,100
2002-12-07,115
2002-12-14,147
2002-12-21,186
2002-12-28,176
2003-01-04,164
2003-01-11,248
2003-01-18,308
2003-01-25,264
2003-02-01,296
2003-02-08,470
2003-02-15,320
2003-02-22,402
2003-03-01,472
2003-03-08,426
2003-03-15,354
2003-03-22,358
2003-03-29,268
2003-04-05,186
2003-04-12,142
2003-04-19,61
2003-04-26,82
2003-05-03,50
2003-05-10,32
2003-05-17,36
2003-05-24,18
2003-05-31,9
2003-06-07,40
2003-06-14,6
2003-06-21,14
2003-06-28,0
2003-07-05,3
2003-07-12,1
2003-07-19,12
2003-07-26,1
2003-08-02,2
2003-08-09,10
2003-08-16,15
2003-08-23,11
2003-08-30,2
2003-09-06,20
2003-09-13,11
2003-09-20,16
2003-09-27,17
2003-10-04,6
2003-10-11,7
2003-10-18,70
2003-10-25,64
2003-11-01,50
2003-11-08,160
2003-11-15,177
2003-11-22,398
2003-11-29,396
2003-12-06,984
2003-12-13,1176
2003-12-20,804
2003-12-27,494
2004-01-03,430
2004-01-10,326
2004-01-17,228
2004-01-24,150
2004-01-31,172
2004-02-07,170
2004-02-14,132
2004-02-21,118
2004-02-28,114
2004-03-06,82
2004-03-13,110
2004-03-20,112
2004-03-27,88
2004-04-03,48
2004-04-10,25
2004-04-17,50
2004-04-24,28
2004-05-01,29
2004-05-08,4
2004-05-15,3
2004-05-22,9
2004-05-29,14
2004-06-05,54
2004-06-12,62
2004-06-19,48
2004-06-26,14
2004-07-03,1
2004-07-10,6
2004-07-17,6
2004-07-24,6
2004-07-31,2
2004-08-07,18
2004-08-14,1
2004-08-21,1
2004-08-28,8
2004-09-04,6
2004-09-11,6
2004-09-18,40
2004-09-25,26
2004-10-02,42
2004-10-09,80
2004-10-16,69
2004-10-23,97
2004-10-30,346
2004-11-06,264
2004-11-13,390
2004-11-20,436
2004-11-27,380
2004-12-04,394
2004-12-11,454
2004-12-18,518
2004-12-25,534
2005-01-01,874
2005-01-08,750
2005-01-15,1106
2005-01-22,1154
2005-01-29,1626
2005-02-05,1674
2005-02-12,1604
2005-02-19,1826
2005-02-26,1292
2005-03-05,1026
2005-03-12,1082
2005-03-19,826
2005-03-26,704
2005-04-02,560
2005-04-09,720
2005-04-16,886
2005-04-23,382
2005-04-30,538
2005-05-07,453
2005-05-14,400
2005-05-21,584
2005-05-28,428
2005-06-04,338
2005-06-11,266
2005-06-18,248
2005-06-25,272
2005-07-02,198
2005-07-09,154
2005-07-16,162
2005-07-23,180
2005-07-30,118
2005-08-06,150
2005-08-13,44
2005-08-20,134
2005-08-27,142
2005-09-03,119
2005-09-10,136
2005-09-17,98
2005-09-24,138
2005-10-01,114
2005-10-08,466
2005-10-15,482
2005-10-22,560
2005-10-29,534
2005-11-05,904
2005-11-12,666
2005-11-19,1074
2005-11-26,1060
2005-12-03,1076
2005-12-10,1596
2005-12-17,2354
2005-12-24,2716
2005-12-31,1638
2006-01-07,982
2006-01-14,678
2006-01-21,518
2006-01-28,924
2006-02-04,708
2006-02-11,564
2006-02-18,879
2006-02-25,508
2006-03-04,410
2006-03-11,896
2006-03-18,954
2006-03-25,1076
2006-04-01,904
2006-04-08,862
2006-04-15,590
2006-04-22,384
2006-04-29,280
2006-05-06,328
2006-05-13,258
2006-05-20,294
2006-05-27,196
2006-06-03,30
2006-06-10,149
2006-06-17,157
2006-06-24,148
2006-07-01,210
2006-07-08,180
2006-07-15,182
2006-07-22,130
2006-07-29,138
2006-08-05,68
2006-08-12,142
2006-08-19,55
2006-08-26,106
2006-09-02,49
2006-09-09,132
2006-09-16,184
2006-09-23,223
2006-09-30,244
2006-10-07,612
2006-10-14,658
2006-10-21,644
2006-10-28,534
2006-11-04,716
2006-11-11,670
2006-11-18,624
2006-11-25,530
2006-12-02,658
2006-12-09,738
2006-12-16,810
2006-12-23,838
2006-12-30,524
2007-01-06,950
2007-01-13,1224
2007-01-20,1200
2007-01-27,1786
2007-02-03,2198
2007-02-10,2424
2007-02-17,2006
2007-02-24,1628
2007-03-03,1372
2007-03-10,1488
2007-03-17,1134
2007-03-24,792
2007-03-31,634
2007-04-07,456
2007-04-14,790
2007-04-21,516
2007-04-28,506
2007-05-05,496
2007-05-12,470
2007-05-19,424
2007-05-26,303
2007-06-02,262
2007-06-09,240
2007-06-16,246
2007-06-23,204
2007-06-30,192
2007-07-07,42
2007-07-14,27
2007-07-21,50
2007-07-28,60
2007-08-04,40
2007-08-11,74
2007-08-18,102
2007-08-25,210
2007-09-01,164
2007-09-08,126
2007-09-15,202
2007-09-22,212
2007-09-29,310
2007-10-06,392
2007-10-13,552
2007-10-20,564
2007-10-27,554
2007-11-03,612
2007-11-10,624
2007-11-17,420
2007-11-24,490
2007-12-01,614
2007-12-08,666
2007-12-15,728
2007-12-22,718
2007-12-29,676
2008-01-05,900
2008-01-12,1302
2008-01-19,1510
2008-01-26,1876
2008-02-02,2048
2008-02-09,2638
2008-02-16,2932
2008-02-23,1810
2008-03-01,1140
2008-03-08,988
2008-03-15,920
2008-03-22,502
2008-03-29,370
2008-04-05,378
2008-04-12,224
2008-04-19,272
2008-04-26,304
2008-05-03,218
2008-05-10,166
2008-05-17,172
2008-05-24,118
2008-05-31,62
2008-06-07,77
2008-06-14,70
2008-06-21,50
2008-06-28,40
2008-07-05,19
2008-07-12,46
2008-07-19,36
2008-07-26,30
2008-08-02,20
2008-08-09,13
2008-08-16,24
2008-08-23,28
2008-08-30,16
2008-09-06,30
2008-09-13,28
2008-09-20,21
2008-09-27,118
2008-10-04,484
2008-10-11,476
2008-10-18,594
2008-10-25,596
2008-11-01,422
2008-11-08,336
2008-11-15,406
2008-11-22,352
2008-11-29,202
2008-12-06,388
2008-12-13,382
2008-12-20,454
2008-12-27,308
2009-01-03,732
2009-01-10,1002
2009-01-17,938
2009-01-24,1040
2009-01-31,1220
2009-02-07,1356
2009-02-14,1518
2009-02-21,1350
2009-02-28,1558
2009-03-07,1440
2009-03-14,1118
2009-03-21,794
2009-03-28,820
2009-04-04,832
2009-04-11,686
2009-04-18,642
2009-04-25,870
2009-05-02,2442
2009-05-09,1350
2009-05-16,652
2009-05-23,614
2009-05-30,448
2009-06-06,590
2009-06-13,490
2009-06-20,540
2009-06-27,548
2009-07-04,592
2009-07-11,632
2009-07-18,954
2009-07-25,550
2009-08-01,570
2009-08-08,626
2009-08-15,608
2009-08-22,696
2009-08-29,822
2009-09-05,1048
2009-09-12,1156
2009-09-19,1514
2009-09-26,1244
2009-10-03,2180
2009-10-04,1229
2009-10-11,1680
2009-10-18,1753
2009-10-25,1740
2009-11-01,2715
2009-11-08,1290
2009-11-15,934
2009-11-22,434
2009-11-29,594
2009-12-06,553
2009-12-13,236
2009-12-20,126
2009-12-27,90
2010-01-03,65
2010-01-10,86
2010-01-17,33
2010-01-24,58
2010-01-31,9
2010-02-07,13
2010-02-14,17
2010-02-21,12
2010-02-28,0
2010-03-07,2
2010-03-14,6
2010-03-21,1
2010-03-28,3
2010-04-04,3
2010-04-11,3
2010-04-18,3
2010-04-25,0
2010-05-02,0
2010-05-09,1
2010-05-16,0
2010-05-23,0
2010-05-30,1
2010-06-06,1
2010-06-13,1
2010-06-20,1
2010-06-27,0
2010-07-04,1
2010-07-11,0
2010-07-18,1
2010-07-25,1
2010-08-01,0
2010-08-08,0
2010-08-15,3
2010-08-22,6
2010-08-29,7
2010-09-05,6
2010-09-12,3
2010-09-19,2
2010-09-26,3
2010-10-03,16
2010-10-10,6
2010-10-17,1
2010-10-24,6
2010-10-31,15
2010-11-07,3
2010-11-14,12
2010-11-21,6
2010-11-28,23
2010-12-05,27
2010-12-12,52
2010-12-19,97
2010-12-26,153
2011-01-02,161
2011-01-09,293
2011-01-16,278
2011-01-23,570
2011-01-30,642
2011-02-06,850
2011-02-13,1060
2011-02-20,733
2011-02-27,903
2011-03-06,611
2011-03-13,545
2011-03-20,235
2011-03-27,196
2011-04-03,77
2011-04-10,55
2011-04-17,16
2011-04-24,16
2011-05-01,3
2011-05-08,1
2011-05-15,1
2011-05-22,1
2011-05-29,0
2011-06-05,1
2011-06-12,0
2011-06-19,0
2011-06-26,0
2011-07-03,0
2011-07-10,0
2011-07-17,1
2011-07-24,0
2011-07-31,1
2011-08-07,0
2011-08-14,1
2011-08-21,0
2011-08-28,0
2011-09-04,0
2011-09-11,1
2011-09-18,0
2011-09-25,0
2011-10-02,7
2011-10-09,2
2011-10-16,6
2011-10-23,3
2011-10-30,3
2011-11-06,1
2011-11-13,3
2011-11-20,6
2011-11-27,5
2011-12-04,10
2011-12-11,9
2011-12-18,70
2011-12-25,25
2012-01-01,121
2012-01-08,103
2012-01-15,249
2012-01-22,264
2012-01-29,269
2012-02-05,386
2012-02-12,600
2012-02-19,556
2012-02-26,773
2012-03-04,669
2012-03-11,881
2012-03-18,763
2012-03-25,555
2012-04-01,966
2012-04-08,333
2012-04-15,464
2012-04-22,127
2012-04-29,275
2012-05-06,52
2012-05-13,62
2012-05-20,24
2012-05-27,33
2012-06-03,6
2012-06-10,3
2012-06-17,11
2012-06-24,18
2012-07-01,3
2012-07-08,3
2012-07-15,3
2012-07-22,1
2012-07-29,6
2012-08-05,4
2012-08-12,3
2012-08-19,7
2012-08-26,15
2012-09-02,1
2012-09-09,1
2012-09-16,2
2012-09-23,2
2012-09-30,1
2012-10-07,1
2012-10-14,1
2012-10-21,0
2012-10-28,6
2012-11-04,7
2012-11-11,16
2012-11-18,17
2012-11-25,37
2012-12-02,34
2012-12-09,40
2012-12-16,136
2012-12-23,214
2012-12-30,348
2013-01-06,826
2013-01-13,1458
2013-01-20,2375
2013-01-27,2842
2013-02-03,2041
2013-02-10,1148
2013-02-17,1131
2013-02-24,930
2013-03-03,657
2013-03-10,289
2013-03-17,398
2013-03-24,167
2013-03-31,51
2013-04-07,10
2013-04-14,31
2013-04-21,17
2013-04-28,3
2013-05-05,30
2013-05-12,1
2013-05-19,0
2013-05-26,2
2013-06-02,0
2013-06-09,0
2013-06-16,0
2013-06-23,0
2013-06-30,0
2013-07-07,1
2013-07-14,1
2013-07-21,11
2013-07-28,0
2013-08-04,3
2013-08-11,1
2013-08-18,2
2013-08-25,1
2013-09-01,3
2013-09-08,0
2013-09-15,3
2013-09-22,0
2013-09-29,3
2013-10-06,6
2013-10-13,9
2013-10-20,21
2013-10-27,28
2013-11-03,22
2013-11-10,23
2013-11-17,30
2013-11-24,30
2013-12-01,82
2013-12-08,186
2013-12-15,228
2013-12-22,505
2013-12-29,1300
2014-01-05,2660
2014-01-12,3976
2014-01-19,3139
2014-01-26,2405
2014-02-02,1888
2014-02-09,891
2014-02-16,418
2014-02-23,237
2014-03-02,196
2014-03-09,232
2014-03-16,66
2014-03-23,43
2014-03-30,24
2014-04-06,43
2014-04-13,30
2014-04-20,6
2014-04-27,12
2014-05-04,30
2014-05-11,36
2014-05-18,39
2014-05-25,13
2014-06-01,3
2014-06-08,8
2014-06-15,22
2014-06-22,7
2014-06-29,3
2014-07-06,14
2014-07-13,1
2014-07-20,0
2014-07-27,2
2014-08-03,9
2014-08-10,8
2014-08-17,16
2014-08-24,3
2014-08-31,1
2014-09-07,3
2014-09-14,1
2014-09-21,22
2014-09-28,7
2014-10-05,18
2014-10-12,32
2014-10-19,23
2014-10-26,27
2014-11-02,11
2014-11-09,20
2014-11-16,35
2014-11-23,79
2014-11-30,109
2014-12-07,109
2014-12-14,299
2014-12-21,688
2014-12-28,1133
2015-01-04,2091
2015-01-11,3208
2015-01-18,2278
2015-01-25,2204
2015-02-01,1928
2015-02-08,1292
2015-02-15,886
2015-02-22,700
2015-03-01,630
2015-03-08,352
2015-03-15,204
2015-03-22,239
2015-03-29,135
2015-04-05,68
2015-04-12,110
2015-04-19,71
2015-04-26,41
2015-05-03,31
2015-05-10,20
2015-05-17,57
2015-05-24,21
2015-05-31,1
2015-06-07,21
2015-06-14,1
2015-06-21,4
2015-06-28,7
2015-07-05,6
2015-07-12,3
2015-07-19,0
2015-07-26,0
2015-08-02,6
2015-08-09,6
2015-08-16,0
2015-08-23,3
2015-08-30,16
2015-09-06,9
2015-09-13,10
2015-09-20,19
2015-09-27,6
2015-10-04,9
2015-10-11,1
2015-10-18,6
2015-10-25,3
2015-11-01,3
2015-11-08,2
2015-11-15,11
2015-11-22,23
2015-11-29,22
2015-12-06,22
2015-12-13,46
2015-12-20,29
2015-12-27,85
2016-01-03,319
2016-01-10,252
2016-01-17,334
2016-01-24,355
2016-01-31,448
2016-02-07,949
2016-02-14,1198
2016-02-21,1292
2016-02-28,941
2016-03-06,444
2016-03-13,290
2016-03-20,300
2016-03-27,206
2016-04-03,166
2016-04-10,85
2016-04-17,75
2016-04-24,62
2016-05-01,24
2016-05-08,25
2016-05-15,8
2016-05-22,1
2016-05-29,1
2016-06-05,6
2016-06-12,8
2016-06-19,1
2016-06-26,2
2016-07-03,1
2016-07-10,1
2016-07-17,1
2016-07-24,0
2016-07-31,3
2016-08-07,9
2016-08-14,1
2016-08-21,3
2016-08-28,1
2016-09-04,8
2016-09-11,3
2016-09-18,1
2016-09-25,0
2016-10-02,24
2016-10-09,20
2016-10-16,104
2016-10-23,38
2016-10-30,50
2016-11-06,52
2016-11-13,98
2016-11-20,84
2016-11-27,271
2016-12-04,237
2016-12-11,497
2016-12-18,611
2016-12-25,1610
2017-01-01,2661
2017-01-08,2442
2017-01-15,1805
2017-01-22,1686
2017-01-29,1292
2017-02-05,1485
2017-02-12,899
2017-02-19,601
2017-02-26,451
2017-03-05,344
2017-03-12,275
2017-03-19,76
2017-03-26,56
2017-04-02,19
2017-04-09,35
2017-04-16,34
2017-04-23,36
2017-04-30,25
2017-05-07,18
2017-05-14,41
2017-05-21,50
2017-05-28,15
2017-06-04,13
2017-06-11,3
2017-06-18,24
2017-06-25,6
2017-07-02,15
2017-07-09,13
2017-07-16,3
2017-07-23,40
2017-07-30,3
2017-08-06,1
2017-08-13,12
2017-08-20,7
2017-08-27,16
2017-09-03,15
2017-09-10,43
2017-09-17,43
2017-09-24,52
2017-10-01,38
2017-10-08,85
2017-10-15,114
2017-10-22,106
2017-10-29,151
2017-11-05,248
2017-11-12,194
2017-11-19,130
2017-11-26,367
2017-12-03,336
2017-12-10,841
2017-12-17,1872
2017-12-24,3054
2017-12-31,3701
2018-01-07,3368
2018-01-14,2059
2018-01-21,1569
2018-01-28,1290
2018-02-04,1407
2018-02-11,1069
2018-02-18,545
2018-02-25,690
2018-03-04,960
2018-03-11,682
2018-03-18,259
2018-03-25,215
2018-04-01,259
2018-04-08,160
2018-04-15,123
2018-04-22,58
2018-04-29,38
2018-05-06,6
2018-05-13,0
2018-05-20,0
2018-05-27,1
2018-06-03,1
2018-06-10,3
2018-06-17,0
2018-06-24,0
2018-07-01,6
2018-07-08,6
2018-07-15,3
2018-07-22,1
2018-07-29,10
2018-08-05,6
2018-08-12,1
2018-08-19,0
2018-08-26,1
2018-09-02,8
2018-09-09,6
2018-09-16,6
2018-09-23,0
2018-09-30,1
2018-10-07,3
2018-10-14,31
2018-10-21,27
2018-10-28,47
2018-11-04,88
2018-11-11,88
2018-11-18,232
2018-11-25,305
2018-12-02,247
2018-12-09,427
2018-12-16,662
2018-12-23,794
2018-12-30,962
2019-01-06,1438
2019-01-13,919
2019-01-20,800
2019-01-27,988
2019-02-03,880
2019-02-10,884
2019-02-17,934
2019-02-24,1270
2019-03-03,1291
2019-03-10,674
2019-03-17,829
2019-03-24,600
2019-03-31,648
2019-04-07,323
2019-04-14,131
2019-04-21,81
2019-04-28,89
2019-05-05,19
2019-05-12,24
2019-05-19,24
2019-05-26,36
2019-06-02,16
2019-06-09,22
2019-06-16,34
2019-06-23,22
2019-06-30,3
2019-07-07,18
2019-07-14,6
2019-07-21,3
2019-07-28,3
2019-08-04,1
2019-08-11,11
2019-08-18,16
2019-08-25,7
2019-09-01,10
2019-09-08,25
2019-09-15,3
2019-09-22,10
2019-09-29,39
2019-10-06,70
2019-10-13,43
2019-10-20,78
2019-10-27,114
2019-11-03,354
2019-11-10,366
2019-11-17,563
2019-11-24,428
2019-12-01,908
2019-12-08,841
2019-12-15,963
2019-12-22,1601
2019-12-29,1570
2020-01-05,1759
2020-01-12,1967
2020-01-19,1355
2020-01-26,1658
2020-02-02,1681
2020-02-09,1268
2020-02-16,777
2020-02-23,500
2020-03-01,685
2020-03-08,373
2020-03-15,192
2020-03-22,102
2020-03-29,17
2020-04-05,1
2020-04-12,0
2020-04-19,3
2020-04-26,1
2020-05-03,0
2020-05-10,0
2020-05-17,0
2020-05-24,0
2020-05-31,1
2020-06-07,1
2020-06-14,0
2020-06-21,0
2020-06-28,0
2020-07-05,0
2020-07-12,0
2020-07-19,1
2020-07-26,0
2020-08-02,0
2020-08-09,0
2020-08-16,0
2020-08-23,0
2020-08-30,0
2020-09-06,0
2020-09-13,0
2020-09-20,0
2020-09-27,0
